09:00:27.75,X1531117,Marc Knowles,Patrick Knowles,239-663-0109
09:16:33.818,U5049739,Abby Jones,Brian Jones,239-564-6886
09:20:49.862,B5631344,Roberta Jeffries,Retha Jeffries,239-625-0863
09:24:39.421,N7271002,Josie Hanson,Rebecca Hanson,239-638-8315
09:29:54.229,O2590715,Louie Pollard,Abby Pollard,239-410-8411
09:31:58.813,T2094161,Scott Webster,Nathan Webster,239-638-9777
09:32:01.335,H4421781,David Davis,Ian Davis,239-451-3088
09:32:55.692,L4408509,Elise Hope,Georgina Hope,239-609-3121
09:34:31.552,J8470845,Louis Griffiths,Nathan Griffiths,239-585-4254
09:35:09.416,M8812377,Gabriel Smith,Joe Smith,239-679-9433
09:35:48.484,B7166026,Willis Wilkinson,Scott Wilkinson,239-598-1123
09:36:46.622,O7347885,Hayden Humphries,Louis Humphries,239-688-3162
09:39:50.521,K8869502,Cameron Vasquez,Sylvia Vasquez,239-482-7826
09:40:14.071,E5786783,Katherine Metcalfe,Harvey Metcalfe,239-600-7631
09:40:25.971,S6498468,Mabel Torres,David Torres,239-514-8114
09:42:13.438,K6798975,Ryan Archambault,Jeannine Archambault,239-664-6541
09:42:35.017,L4062602,Beverly Martin,Amanda Martin,239-419-9611
09:45:54.055,Q6707467,Fernando Sanderson,Leah Sanderson,239-506-0361
09:54:48.09,K6447688,Chelsea Woodley,Kevin Woodley,239-639-7198
09:54:57.496,V4555419,Ellis Foster,Morgan Foster,239-588-1978
09:55:25.297,P6886212,Catherine Burke,Riley Burke,239-443-7163
09:56:10.561,C1473502,Gus Triche,Todd Triche,239-403-9237
09:58:02.027,O5616466,Hollie Curtis,Charlotte Curtis,239-525-0406
10:01:19.087,E2510068,Corey Mitchell,Harriet Mitchell,239-655-4068
10:02:26.805,V3210922,Walter Brooks,Sheila Brooks,239-567-4563
10:03:52.172,M4484483,Peter Hart,Alan Hart,239-561-1562
10:04:26.82,Q6162954,Carol Mullins,Gregory Mullins,239-512-1224
10:08:01.497,V8865356,Robert Franks,Matthew Franks,239-610-5299
10:08:40.637,Z7033292,Juanita Thorpe,Katherine Thorpe,239-441-1980
10:12:40.057,S1082436,Virginia Bryson,Tony Bryson,239-547-1202
10:13:04.368,W7940835,Louis Kim,Kathryn Kim,239-639-2960
10:20:49.455,I7623255,Tia House,Herminia House,239-404-2089
10:22:24.304,C5212139,Harrison Merritt,Manuel Merritt,239-411-8088
10:24:05.334,B5338831,Elizabeth Bray,Annie Bray,239-616-0175
10:28:21.959,Y7307039,Thurman Bellanger,Amanda Bellanger,239-694-6756
10:28:42.371,D4707477,Steve Woods,Tom Woods,239-474-2851
10:32:23.392,P6634307,Ralph Rodriguez,Rebecca Rodriguez,239-554-9953
10:39:20.199,N5025662,Patricia Webb,Amelie Webb,239-497-6196
10:52:55.037,L7806403,Peter Dennis,Morgan Dennis,239-683-5972
10:53:02.566,P1931023,Peter Hawkins,Jodie Hawkins,239-492-0559
10:53:53.976,Q8760955,Samuel Browne,Ethan Browne,239-477-5630
10:56:08.675,P5945873,Breanna Meeker,Penny Meeker,239-581-7095
10:56:26.102,A7833663,Raul Whitehead,Ellie Whitehead,239-480-3721
10:58:01.789,L2810179,Donna Tilly,Ann Tilly,239-611-9808
10:59:38.686,Z8178555,Maisie Rowe,Joel Rowe,239-534-1079
11:02:46.128,M5437261,Rhys Ayers,James Ayers,239-595-1836
11:04:02.616,J8385270,Madison Griffin,Isaac Griffin,239-576-6349
11:14:14.045,F5117890,Jack Brown,Rachelle Brown,239-554-0690
11:16:45.269,N4826235,Frank Read,Dominic Read,239-452-8549
11:18:59.016,T5990698,Catherine Hall,Minerva Hall,239-567-9899
11:21:56.114,W4166698,Nathan Cole,Mohammed Cole,239-493-9020
11:26:23.821,J5240447,Ashlee Anderson,Tera Anderson,239-496-5712
11:32:57.053,K2718151,Charlie Parkin,Joshua Parkin,239-571-9136
11:33:41.384,P4699924,John Begum,Aidan Begum,239-618-9426
11:34:09.214,C1212188,Barbara Lamb,Eva Lamb,239-451-9780
11:34:12.807,U2465864,Timothy Modlin,Anthony Modlin,239-439-3700
11:40:07.421,H8461787,Scott Macdonald,Maya Macdonald,239-531-7340
11:40:25.164,D8362912,Vivian Page,Zara Page,239-615-7356
11:41:19.079,D3067299,Harrison Warner,Abby Warner,239-401-5351
11:44:15.13,K2091889,James Ingram,Declan Ingram,239-572-9320
11:46:10.089,Q3068173,Erin Greer,Carol Greer,239-514-4910
11:47:02.431,R3904282,Patrick Hunter,Leo Hunter,239-692-4663
11:47:16.913,A4256176,Penny Gallagher,Louie Gallagher,239-628-7762
11:51:13.346,O3819642,Verona Texeira,Michelle Texeira,239-526-2998
11:55:51.561,P3449862,Sarah Hebert,Donna Hebert,239-608-4838
11:57:08.664,Z5970229,Joshua Ward,Caitlin Ward,239-623-4518
11:58:43.681,X7088218,Chris James,Hope James,239-600-5850
12:08:34.59,Z7921786,Michelle Overton,Jessica Overton,239-515-1143
12:09:08.015,T5529297,Patricia Godfrey,Maisie Godfrey,239-421-0715
12:17:25.127,Q6717156,Henry Slater,Harrison Slater,239-635-8174
12:24:03.294,J4416384,Janette Ashley,Miyoko Ashley,239-607-1703
12:24:12.096,M7420642,Charles Carr,Calvin Carr,239-498-6345
12:29:41.104,S8159450,Kate Chapman,Carl Chapman,239-569-1622
12:36:16.202,D1982824,Maya Wheeler,Molly Wheeler,239-439-1776
12:37:34.326,E6700943,Lilian Stewart,Lara Stewart,239-462-2505
12:40:55.079,Y6525066,Matthew Whetstone,Mark Whetstone,239-403-2701
12:43:48.471,V2408807,Kyle Ferrell,Leann Ferrell,239-685-9964
12:52:43.233,I5221084,George Cook,Maxine Cook,239-638-8854
12:57:16.734,U7596139,Brenda Brown,Yolanda Brown,239-608-9743
12:59:50.539,N1876559,Gertrude Buckley,Katherine Buckley,239-438-8514
12:59:59.532,L4536690,Don Allen,Roland Allen,239-506-8753
13:02:23.567,M7259582,Ida Lynch,Declan Lynch,239-402-8763
13:15:57.299,X6285682,Jonathan White,Hilda White,239-587-0578
13:18:36.069,F7849493,Lewis Stone,Aaron Stone,239-678-7890
13:19:09.583,B7650940,Jasmine Cross,Scott Cross,239-621-8189
13:19:28.101,M3451266,Andre Wallace,Brandon Wallace,239-690-6711
13:20:32.371,J3683631,Shyla Cave,Jeffrey Cave,239-469-7942
13:22:30.816,B8842528,Louise Knight,Victoria Knight,239-453-5529
13:26:38.332,T2290868,Lori Pugh,Anthony Pugh,239-658-0419
13:27:04.114,P6612303,Benjamin Parkes,Finlay Parkes,239-471-3293
13:27:59.394,A2382370,Katherine Collazo,Bobby Collazo,239-678-1202
13:34:30.32,U5218298,Mason Jones,Pablo Jones,239-472-5330
13:35:00.864,O8991665,Toby Harris,Kenneth Harris,239-463-7956
13:37:06.514,I1991353,Laura Taylor,Luis Taylor,239-658-5316
13:40:11.453,S6520650,Ella Ali,Kiera Ali,239-598-8328
13:41:33.471,J5545772,Ellie Curry,Nora Curry,239-672-2794
13:42:47.192,H5069652,Dennis Nisbet,Neva Nisbet,239-581-9834
13:48:11.898,I6664155,Ken Moran,William Moran,239-551-0530
13:49:16.441,L1251069,Rachel Rogers,Matilda Rogers,239-539-0290
13:51:29.525,K2392394,Lucy Franklin,Luke Franklin,239-654-6901
13:52:18.232,B6772582,Zara Ross,Angela Ross,239-538-5057
13:55:55.32,O7357075,Mohammed Kimball,Henry Kimball,239-446-1993
13:56:58.522,N1533809,Joel Horton,Isabella Horton,239-504-9598
14:00:50.335,R5494940,Carolyn Dawson,Reece Dawson,239-407-6679
14:03:52.568,F3190586,Allison Lutz,Erwin Lutz,239-537-0121
14:10:07.256,G5870748,Dylan Grady,Gary Grady,239-567-2103
14:16:05.858,Y3060491,Robert Russell,Arthur Russell,239-462-5732
14:19:33.831,Z7652271,Victoria Bell,Andrew Bell,239-574-6438
14:22:19.243,U4383524,Charity Bradshaw,Riley Bradshaw,239-506-0957
14:25:43.213,F4366743,Richard King,Virginia King,239-671-5475
14:26:11.527,T8478486,Taylor Medina,Jonathan Medina,239-613-4952
14:26:20.728,X5288148,Madeleine Chapman,Daisy Chapman,239-664-6063
14:27:37.59,D4538959,Shawanda Sanchez,Hazel Sanchez,239-674-4238
14:30:33.177,K4549307,Charles Johnston,Dominic Johnston,239-552-1882
14:33:30.435,X3135980,Jude Chapman,Scott Chapman,239-643-3953
14:34:02.067,U3466270,Thomas Franklin,Archie Franklin,239-647-8779
14:35:02.777,N1024148,Cheri Fry,Faith Fry,239-594-4945
14:38:48.073,N5460541,Walter Hyde,Callum Hyde,239-464-8247
14:45:13.225,W1650681,Harry Wells,Melinda Wells,239-453-0660
14:50:35.421,K6885436,Giovanna Griffin,Lucy Griffin,239-552-5365
14:54:22.47,Q6260757,Jack Phillips,Nicole Phillips,239-536-1540
14:54:37.539,U6708070,Mathew Smith,Wilma Smith,239-482-8214
14:57:14.605,Q3412969,Frank Baker,Cassandra Baker,239-625-0695
14:59:58.419,R5399824,Reece Pollard,Mia Pollard,239-599-9496
15:01:33.923,K5659987,Kenneth Runyon,Melissa Runyon,239-441-3530
15:04:35.981,L1714109,Don Faulkner,Hannah Faulkner,239-575-5375
15:08:44.427,J6107962,Natasha Morgan,Mia Morgan,239-623-8642
15:12:15.062,L3427551,Edward Oakes,John Oakes,239-674-9717
15:13:42.952,X3853383,Molly Godfrey,Oscar Godfrey,239-478-2258
15:16:12.591,F3120175,Sue Gray,Maddison Gray,239-462-8932
15:23:27.419,W7136673,Alvin Brady,Tyler Brady,239-629-6618
15:24:55.923,Z2191812,Madison Tyler,Cameron Tyler,239-616-7315
15:25:16.469,E6126314,Phyllis Howard,Joseph Howard,239-560-7277
15:26:34.322,W4506693,Virginia Butler,Jennifer Butler,239-486-2569
15:27:56.155,W1827889,Patricia Hodge,Melanie Hodge,239-624-3994
15:29:37.2,H8280488,Kathleen Jennings,Matt Jennings,239-449-3751
15:33:43.35,N1251591,Leona Hobbs,Mollie Hobbs,239-653-4672
15:39:15.247,O6801689,Freya O'Brien,Tegan O'Brien,239-438-6078
15:43:08.747,G7583052,Georgina Hudson,Alex Hudson,239-624-0189
15:44:15.204,L6979205,Teresa Powell,Maura Powell,239-511-1982
15:44:38.054,N4873243,Sophia Wells,Stacey Wells,239-410-1553
15:45:03.686,D8743652,Madeline Freed,Cheryl Freed,239-589-1493
15:46:14.864,F6878580,Amelie Fowler,Thomas Fowler,239-475-8045
15:46:41.227,Y3849690,Evan Baker,Scarlett Baker,239-436-2143
15:51:03.693,U2173586,Tonia Costantino,Robert Costantino,239-441-3375
15:52:13.541,O5018952,Curtis Birch,Kyle Birch,239-470-8350
15:54:25.759,G6852057,William Fleming,Danielle Fleming,239-684-0922
15:59:15.245,E7697051,Callum Kennedy,John Kennedy,239-635-8321
16:00:50.523,B5047179,Harvey Burton,Steven Burton,239-535-6597
16:00:54.928,U6520419,Donald Charlton,William Charlton,239-437-1582
16:01:07.382,R7551262,Tracy Campbell,Daisy Campbell,239-540-0038
16:02:01.966,L4367763,Leo Messina,Steven Messina,239-423-4489
16:04:45.362,X3710696,Isabel Mahmood,Ruby Mahmood,239-519-9797
16:11:50.505,T7993031,Chantel Mitchell,Lara Mitchell,239-465-0733
16:12:56.979,Q2130943,Charles Riddle,Kathy Riddle,239-623-3985
16:13:31.21,C6784419,Carl Dyer,Chelsea Dyer,239-612-9679
16:13:42.253,O6667569,Zachery Pritchett,Glenn Pritchett,239-692-2460
16:13:49.943,M3404707,Nathan Marty,Manuel Marty,239-598-8979
16:14:41.113,H7423385,Sofia Dickinson,Kyle Dickinson,239-587-9396
16:16:42.35,Y3126041,Lara Pratt,Zoe Pratt,239-470-4718
16:19:49.502,O7600148,Jacob Nicholson,Geneva Nicholson,239-413-4264
16:26:17.927,F4015083,Philip Ryan,Barbara Ryan,239-517-6015
16:30:39.816,S1562658,Jane Williams,Fausto Williams,239-438-8385
16:30:39.971,L1885539,Bernice Valdovinos,Linda Valdovinos,239-574-1541
16:32:16.831,D5006771,David Towles,Michael Towles,239-603-8584
16:35:52.152,V7237891,James Dunham,Jean Dunham,239-663-2379
16:35:52.204,R8892092,Charles Hargreaves,Archie Hargreaves,239-623-5292
16:35:57.71,M5704612,Eleanor Krantz,Jeannine Krantz,239-608-9608
16:36:32.002,R3477142,Aimee Norris,Alice Norris,239-453-4809
16:38:06.806,O8792732,Merry Gallagher,Sarah Gallagher,239-599-1833
16:46:40.029,P4663293,Libby Gibson,Archie Gibson,239-420-1590
16:46:46.966,J2962066,Rosie Richards,Morgan Richards,239-463-6362
16:47:03.456,B7949057,Summer Mosley,Michael Mosley,239-488-3326
16:48:48.345,V1502844,Adam Poling,Kristen Poling,239-547-5987
16:58:39.339,U6989471,Scott Grant,Hannah Grant,239-499-8505
17:01:13.786,S1582524,Eva Lindsley,Kimberly Lindsley,239-529-6702
17:03:18.935,F1817307,Darrin Jackson,Sean Jackson,239-618-4337
17:13:27.143,O5545878,Aimee Major,Courtney Major,239-535-5779
17:14:21.767,B7981639,Jayden Humphreys,Rebecca Humphreys,239-517-1375
17:16:25.027,Q1688123,Robert Raper,Alex Raper,239-505-7286
17:19:01.846,H3669397,Todd Norman,Rosie Norman,239-572-7362
17:20:53.637,P5509426,Christine Giles,Laura Giles,239-657-1413
17:21:21.449,Y6059623,Kimberly Cummins,Jeannette Cummins,239-529-1775
17:29:33.591,H1063388,Tyler Carter,Edmund Carter,239-444-3511
17:32:15.949,K8997400,Zara Munoz,Harold Munoz,239-473-8498
17:33:32.499,Z8025306,Tia Neal,Christina Neal,239-504-2112
17:35:51.203,Z7415174,Ernest Naylor,Lucy Naylor,239-657-3190
17:36:19.814,D4834572,Ewan Clayton,Joel Clayton,239-466-0958
17:38:15.785,Z2688209,Owen Rowley,Olivia Rowley,239-403-1092
17:40:09.894,U8432174,Leslie Smith,Vicky Smith,239-545-2587
17:41:47.435,P3676155,Denise Oliver,Lewis Oliver,239-588-2029
17:46:02.704,B7536654,Chloe Bennett,Wendy Bennett,239-416-5356
17:50:12.023,H3545106,Yasmin Franklin,Emily Franklin,239-414-4954
17:50:45.286,F8264170,Letitia Harding,Ben Harding,239-627-0414
17:51:29.626,F3095736,Patricia Reed,Poppy Reed,239-642-3249
17:51:41.284,I4562929,Niamh Hopkins,Jennifer Hopkins,239-669-9890
17:53:21.856,Q2903640,Hayden Cureton,Gene Cureton,239-641-9146
17:53:25.254,Q2526313,Gene Gray,Elizabeth Gray,239-617-4894
17:54:31.339,X8135561,Anthony Pickering,Caitlin Pickering,239-578-9498
17:55:29.11,C6208525,Elizabeth Brown,Hershel Brown,239-695-3955
